<?xml version="1.0" encoding="UTF-8"?>
<GenRun Id="impl_1" LaunchPart="xa7a35tcpg236-1I" LaunchTime="1542247538">
  <File Type="PWROPT-DCP" Name="Seletor_pwropt.dcp"/>
  <File Type="ROUTE-PWR" Name="Seletor_power_routed.rpt"/>
  <File Type="PA-TCL" Name="Seletor.tcl"/>
  <File Type="ROUTE-PWR-SUM" Name="Seletor_power_summary_routed.pb"/>
  <File Type="REPORTS-TCL" Name="Seletor_reports.tcl"/>
  <File Type="BG-DRC" Name="Seletor.drc"/>
  <File Type="OPT-METHODOLOGY-DRC" Name="Seletor_methodology_drc_opted.rpt"/>
  <File Type="INIT-TIMING" Name="Seletor_timing_summary_init.rpt"/>
  <File Type="OPT-HWDEF" Name="Seletor.hwdef"/>
  <File Type="OPT-DCP" Name="Seletor_opt.dcp"/>
  <File Type="OPT-DRC" Name="Seletor_drc_opted.rpt"/>
  <File Type="OPT-TIMING" Name="Seletor_timing_summary_opted.rpt"/>
  <File Type="PWROPT-DRC" Name="Seletor_drc_pwropted.rpt"/>
  <File Type="PWROPT-TIMING" Name="Seletor_timing_summary_pwropted.rpt"/>
  <File Type="PLACE-DCP" Name="Seletor_placed.dcp"/>
  <File Type="PLACE-IO" Name="Seletor_io_placed.rpt"/>
  <File Type="PLACE-CLK" Name="Seletor_clock_utilization_placed.rpt"/>
  <File Type="PLACE-UTIL" Name="Seletor_utilization_placed.rpt"/>
  <File Type="PLACE-UTIL-PB" Name="Seletor_utilization_placed.pb"/>
  <File Type="PLACE-CTRL" Name="Seletor_control_sets_placed.rpt"/>
  <File Type="PLACE-SIMILARITY" Name="Seletor_incremental_reuse_placed.rpt"/>
  <File Type="PLACE-PRE-SIMILARITY" Name="Seletor_incremental_reuse_pre_placed.rpt"/>
  <File Type="PLACE-TIMING" Name="Seletor_timing_summary_placed.rpt"/>
  <File Type="POSTPLACE-PWROPT-DCP" Name="Seletor_postplace_pwropt.dcp"/>
  <File Type="POSTPLACE-PWROPT-TIMING" Name="Seletor_timing_summary_postplace_pwropted.rpt"/>
  <File Type="PHYSOPT-DCP" Name="Seletor_physopt.dcp"/>
  <File Type="PHYSOPT-DRC" Name="Seletor_drc_physopted.rpt"/>
  <File Type="BG-BIT" Name="Seletor.bit"/>
  <File Type="PHYSOPT-TIMING" Name="Seletor_timing_summary_physopted.rpt"/>
  <File Type="ROUTE-ERROR-DCP" Name="Seletor_routed_error.dcp"/>
  <File Type="ROUTE-DCP" Name="Seletor_routed.dcp"/>
  <File Type="ROUTE-BLACKBOX-DCP" Name="Seletor_routed_bb.dcp"/>
  <File Type="ROUTE-DRC" Name="Seletor_drc_routed.rpt"/>
  <File Type="ROUTE-DRC-PB" Name="Seletor_drc_routed.pb"/>
  <File Type="BITSTR-MSK" Name="Seletor.msk"/>
  <File Type="ROUTE-DRC-RPX" Name="Seletor_drc_routed.rpx"/>
  <File Type="BG-BGN" Name="Seletor.bgn"/>
  <File Type="ROUTE-METHODOLOGY-DRC" Name="Seletor_methodology_drc_routed.rpt"/>
  <File Type="BITSTR-RBT" Name="Seletor.rbt"/>
  <File Type="ROUTE-METHODOLOGY-DRC-RPX" Name="Seletor_methodology_drc_routed.rpx"/>
  <File Type="BG-BIN" Name="Seletor.bin"/>
  <File Type="ROUTE-METHODOLOGY-DRC-PB" Name="Seletor_methodology_drc_routed.pb"/>
  <File Type="ROUTE-PWR-RPX" Name="Seletor_power_routed.rpx"/>
  <File Type="ROUTE-STATUS" Name="Seletor_route_status.rpt"/>
  <File Type="ROUTE-STATUS-PB" Name="Seletor_route_status.pb"/>
  <File Type="ROUTE-TIMINGSUMMARY" Name="Seletor_timing_summary_routed.rpt"/>
  <File Type="ROUTE-TIMING-PB" Name="Seletor_timing_summary_routed.pb"/>
  <File Type="ROUTE-TIMING-RPX" Name="Seletor_timing_summary_routed.rpx"/>
  <File Type="ROUTE-SIMILARITY" Name="Seletor_incremental_reuse_routed.rpt"/>
  <File Type="RDI-RDI" Name="Seletor.vdi"/>
  <File Type="ROUTE-CLK" Name="Seletor_clock_utilization_routed.rpt"/>
  <File Type="POSTROUTE-PHYSOPT-DCP" Name="Seletor_postroute_physopt.dcp"/>
  <File Type="POSTROUTE-PHYSOPT-BLACKBOX-DCP" Name="Seletor_postroute_physopt_bb.dcp"/>
  <File Type="POSTROUTE-PHYSOPT-TIMING" Name="Seletor_timing_summary_postroute_physopted.rpt"/>
  <File Type="POSTROUTE-PHYSOPT-TIMING-PB" Name="Seletor_timing_summary_postroute_physopted.pb"/>
  <File Type="POSTROUTE-PHYSOPT-TIMING-RPX" Name="Seletor_timing_summary_postroute_physopted.rpx"/>
  <File Type="BITSTR-NKY" Name="Seletor.nky"/>
  <File Type="BITSTR-BMM" Name="Seletor_bd.bmm"/>
  <File Type="BITSTR-MMI" Name="Seletor.mmi"/>
  <File Type="BITSTR-LTX" Name="debug_nets.ltx"/>
  <File Type="BITSTR-LTX" Name="Seletor.ltx"/>
  <File Type="BITSTR-SYSDEF" Name="Seletor.sysdef"/>
  <File Type="WBT-USG" Name="usage_statistics_webtalk.html"/>
  <FileSet Name="sources" Type="DesignSrcs" RelSrcDir="$PSRCDIR/sources_1">
    <Filter Type="Srcs"/>
    <File Path="$PSRCDIR/sources_1/new/Somador_4BITS.vhd">
      <FileInfo>
        <Attr Name="UsedIn" Val="synthesis"/>
        <Attr Name="UsedIn" Val="simulation"/>
      </FileInfo>
    </File>
    <File Path="$PSRCDIR/sources_1/new/Subtrator_1BIT.vhd">
      <FileInfo>
        <Attr Name="UsedIn" Val="synthesis"/>
        <Attr Name="UsedIn" Val="simulation"/>
      </FileInfo>
    </File>
    <File Path="$PSRCDIR/sources_1/new/decoder.vhd">
      <FileInfo>
        <Attr Name="UsedIn" Val="synthesis"/>
        <Attr Name="UsedIn" Val="simulation"/>
      </FileInfo>
    </File>
    <File Path="$PSRCDIR/sources_1/new/somador_1bit.vhd">
      <FileInfo>
        <Attr Name="UsedIn" Val="synthesis"/>
        <Attr Name="UsedIn" Val="simulation"/>
      </FileInfo>
    </File>
    <File Path="$PSRCDIR/sources_1/new/subtrator_4BITS.vhd">
      <FileInfo>
        <Attr Name="UsedIn" Val="synthesis"/>
        <Attr Name="UsedIn" Val="simulation"/>
      </FileInfo>
    </File>
    <File Path="$PSRCDIR/sources_1/new/Seletor.vhd">
      <FileInfo>
        <Attr Name="UsedIn" Val="synthesis"/>
        <Attr Name="UsedIn" Val="simulation"/>
      </FileInfo>
    </File>
    <Config>
      <Option Name="DesignMode" Val="RTL"/>
      <Option Name="TopModule" Val="Seletor"/>
      <Option Name="TopAutoSet" Val="TRUE"/>
    </Config>
  </FileSet>
  <FileSet Name="constrs_in" Type="Constrs" RelSrcDir="$PSRCDIR/constrs_1">
    <Filter Type="Constrs"/>
    <File Path="$PSRCDIR/constrs_1/imports/FSM_REG/Basys3xdc.xdc">
      <FileInfo>
        <Attr Name="ImportPath" Val="$PPRDIR/../../FSM_REG/FSM_REG.srcs/constrs_1/imports/FSM_REG/Basys3xdc.xdc"/>
        <Attr Name="ImportTime" Val="1537589060"/>
        <Attr Name="UsedIn" Val="synthesis"/>
        <Attr Name="UsedIn" Val="implementation"/>
      </FileInfo>
    </File>
    <Config>
      <Option Name="ConstrsType" Val="XDC"/>
    </Config>
  </FileSet>
  <Strategy Version="1" Minor="2">
    <StratHandle Name="Vivado Implementation Defaults" Flow="Vivado Implementation 2017">
      <Desc>Default settings for Implementation.</Desc>
    </StratHandle>
    <Step Id="init_design"/>
    <Step Id="opt_design"/>
    <Step Id="power_opt_design"/>
    <Step Id="place_design"/>
    <Step Id="post_place_power_opt_design"/>
    <Step Id="phys_opt_design"/>
    <Step Id="route_design"/>
    <Step Id="post_route_phys_opt_design"/>
    <Step Id="write_bitstream"/>
  </Strategy>
</GenRun>
